Pathway Id	Name	Compounds
rn00563	Glycosylphosphatidylinositol(GPI)-anchor biosynthesis	C00154 C00350 G10617 G00145 G00144 G00143 G00149 G00148 G00147 G00146 G13044 C01194 G12396 G13045 G13046 G10610
rn00960	Tropane, piperidine and pyridine alkaloid biosynthesis	C00783 C01479 C02723 C10865 C12448 C12449 C18158 C16257 C16697 C10783 C10860 C16933 C12440 C06366 C06521 C00745 C06524 C01672 C02046 C00079 C05607 C10157 C12455 C12453 C12454 C12452 C06176 C12450 C06179 C04076 C06177 C06178 C01851 C02621 C00166 C01456 C03239 C01416 C16671 C10126 C10763 C06182 C06183 C06180 C06181 C00729 C00408 C06184 C00407 C06185 C07475 C02066 C00047 C00134 C03325 C00253 C00450 C10858 C01746 C10773 C10850 C10772 C15612 C04170 C04092 C10171 C10173 C03882
rn00564	Glycerophospholipid metabolism	C00189 C03974 C01996 C04308 C03819 C20518 C00307 C01194 C03372 C03892 C00623 C00269 C00346 C00588 C01233 C00344 C00111 C00670 C04438 C00350 C04638 C02737 C04590 C20466 C04230 C04233 C06771 C00513 C01241 C06772 C00114 C00157 C05976 C00681 C00040 C00084 C18059 C03872 C05974 C01210 C00641 C05973 C00570 C00093 C18168 C18126 C18125 C18169 C18129 C13482 C00416 C05980
rn00561	Glycerolipid metabolism	C00681 C00162 C00184 C00040 C06040 C00969 C06041 C06042 C03692 C04046 C06364 C00029 C06365 C20991 C20898 C00422 C20897 C00641 C00111 C01885 C02457 C04315 C00197 C13508 C00093 C11521 C00416 C06037 C00116 C05401 C00258 C00577 C04872 C06038
rn00440	Phosphonate and phosphinate metabolism	C00189 C00022 C05679 C20396 C17941 C17940 C17943 C17942 C17945 C17944 C17947 C17946 C17949 C17948 C05673 C01151 C05674 C06367 C05672 C05677 C05678 C05675 C06368 C05676 C00033 C00074 C05680 C05681 C06451 C05042 C06454 C20422 C06455 C05682 C06452 C05683 C06459 C06456 C06457 C20423 C03557 C00084 C17961 C17960 C17962 C02798 C20440 C17950 C17952 C17951 C03167
rn00562	Inositol phosphate metabolism	C00024 C00222 C04549 C03659 C20251 C11557 C11555 C11556 C11554 C16737 C04062 C04063 C01194 C01272 C04563 C04287 C01177 C04520 C01277 C04006 C00641 C03546 C00111 C04579 C01204 C04637 C00691 C19891 C19794 C00092 C00191 C19799 C06153 C05981 C00118 C01284 C06892 C03660 C06893 C01220 C04477 C00137 C01243 C01245
rn00680	Methane metabolism	C00024 C00101 C00067 C04348 C00022 C00143 C00065 C04628 C00184 C01438 C01031 C00227 C01274 C00149 C14180 C00543 C00862 C03576 C00354 C00111 C00199 C01005 C04832 C00033 C00231 C05528 C19152 C00197 C00593 C19151 C19154 C00074 C19153 C20582 C19156 C20581 C19155 C16600 C01080 C00118 C00876 C00237 C01001 C06019 C00037 C00631 C01046 C00036 C01217 C16590 C00085 C16593 C11537 C16594 C11536 C16597 C16598 C03232 C04488 C00048 C00565 C00168 C00322 C01179 C03920 C01104 C00011 C00132 C16583 C16588 C16589 C04330 C00218 C00258 C04377 C04732 C00058
rn00040	Pentose and glucuronate interconversions	C00266 C04349 C00022 C00181 C00905 C00508 C03291 C00309 C00789 C06441 C00029 C00502 C00026 C00103 C00310 C00111 C00199 C00474 C00231 C00470 C03826 C00191 C00714 C00514 C00558 C00116 C00312 C00433 C00476 C00167 C02426 C00800 C03033 C00204 C05412 C02266 C05411 C20680 C01508 C01904 C14899 C15930 C00817 C00618 C04053 C02273 C05385 C00259 C00379 C04575 C06118 C00532 C01068 C01101 C00333
rn01130	Biosynthesis of antibiotics	
rn00604	Glycosphingolipid biosynthesis - ganglio series	G00170 G00092 G00130 G00112 G00111 G00110 G00132 G00131 G00116 G00115 G00114 G00113 G00119 G00118 G00117 G00123 G00167 G00122 G00166 G00121 G00120 G00127 G00126 G00125 G00169 G00124 G00168 G00109 G00108 G00129 G00128
rn00965	Betalain biosynthesis	C05604 C08539 C03758 C00082 C17752 C17751 C17754 C17753 C17756 C17755 C17758 C17757 C08552 C08540 C08544 C00822 C08543 C08565 C08542 C08538 C05587 C08537 C00355 C08557
rn00966	Glucosinolate biosynthesis	C00141 C03219 C00183 C05837 C17220 C17221 C17222 C17223 C17224 C17225 C17226 C17227 C17228 C17229 C08426 C00079 C00233 C00078 C00671 C17250 C17251 C00073 C17252 C17253 C02937 C17210 C17254 C17211 C17255 C17212 C17256 C17213 C17214 C17215 C17216 C19714 C17217 C17218 C17219 C04350 C00123 C08409 C08407 C17240 C17241 C17242 C00082 C03719 C17243 C17244 C17245 C17246 C17248 C17249 C16516 C16517 C16518 C00407 C08401 C19491 C08418 C17230 C17231 C17232 C17233 C17235 C17236 C17237 C17238 C17239 C01180 C08412 C02153 C08417 C01069
rn00603	Glycosphingolipid biosynthesis - globo series	G00093 G00181 G00092 G00097 G00096 G00095 G00094 G00101 G00100 G00099 G00098 G00105 G00104 G00103 G00102 G00107 G00106
rn00600	Sphingolipid metabolism	C00065 C12126 C12145 C06062 C12144 C01190 C01290 C06124 C06125 C06128 C00346 C02960 C06126 C02686 C06127 C00154 C00550 C00195 C02934 C01747 C05681 C00319 C00836 C01120 C03640
rn00601	Glycosphingolipid biosynthesis - lacto and neolacto series	G00092 G00091 G00090 G00052 G00051 G00050 G00057 G00056 G00055 G00054 G00059 G00058 G00082 G00081 G00080 G00042 G00086 G00085 G00040 G00084 G00083 G00046 G00045 G00089 G00044 G00088 G00043 G00087 G00048 G00047 G00071 G00075 G00074 G00073 G00072 G00079 G00078 G00077 G00076 G00039 G00038 G00037 G00036 G00060 G00064 G00063 G00062 G00061 G00068 G00067 G00066 G00069
rn00565	Ether lipid metabolism	C05977 C03715 C15645 C20859 C15646 C15647 C04361 C03372 C05212 C03454 C01233 C04635 C04756 C03820 C00670 C04317 C03968 C04517 C20825 C00958 C04475 C01264 C03201 C04598 C02773
rn00720	Carbon fixation pathways in prokaryotes	C00024 C00101 C00222 C00288 C01213 C00100 C00122 C00683 C04348 C00022 C00143 C00440 C00042 C00083 C00989 C00227 C00149 C01011 C00445 C00566 C00026 C00048 C01013 C06027 C06028 C00332 C00232 C00011 C00033 C05668 C00074 C00091 C18323 C11062 C00417 C00877 C00237 C01144 C00158 C00036 C00058 C00234 C00311 C00894
rn00280	Valine, leucine and isoleucine degradation	C00024 C00068 C00123 C01213 C00100 C00683 C05998 C00164 C04405 C00141 C00183 C15980 C06000 C00407 C06001 C03231 C06002 C05996 C00233 C00332 C00671 C00091 C02939 C15972 C15973 C15974 C15975 C15976 C15977 C15978 C15979 C02170 C20827 C03284 C03460 C03069 C03344 C00356 C00630 C03345
rn00281	Geraniol degradation	C01499 C01500 C09849 C01920 C09848 C16470 C16471 C16461 C16462 C16464 C16465 C16466 C16468 C16469 C11386 C11384 C09871 C01291 C03069 C04675 C09847
rn00310	Lysine degradation	C00024 C03656 C02727 C04020 C05231 C01672 C05554 C00431 C00990 C05161 C00956 C04076 C00877 C00037 C01259 C03955 C00164 C03239 C06181 C00408 C00527 C00449 C03273 C20333 C03793 C02188 C00489 C04487 C01211 C00047 C00322 C00487 C00332 C05548 C05825 C01028 C01149 C00450 C16741 C04092 C00739 C01181 C03087 C06157 C01142 C01186 C03366 C05544 C01144 C00136 C05546 C05545
rn00311	Penicillin and cephalosporin biosynthesis	C04712 C00395 C02954 C00097 C00183 C15666 C00916 C00956 C06564 C06565 C06568 C07756 C03112 C06569 C05557 C06566 C05556 C06567
rn00550	Peptidoglycan biosynthesis	C00043 C04702 C17541 C17542 C17549 C01050 C05893 C00009 C05894 C04882 C05892 C00105 C05897 C05898 C05895 C01212 C05896 C04877 C00133 C00692 C17550 C17556 C17558 C04574 C04631 C04851 C00993
rn00430	Taurine and hypotaurine metabolism	C00024 C03149 C00022 C00033 C05844 C06735 C00593 C01678 C00097 C00041 C00094 C01959 C14179 C00519 C00606 C00506 C05122 C00227 C05123 C00026 C00025 C00245
rn01120	Microbial metabolism in diverse environments	
rn00790	Folate biosynthesis	C00101 C00266 C00044 C01217 C04807 C16675 C11355 C18239 C09332 C00504 C00921 C04244 C00568 C20239 C00268 C06148 C02587 C06149 C05923 C05924 C05922 C00251 C05927 C00272 C05925 C05926 C15996 C18802 C00415 C04895 C03541 C03684 C20248 C01300 C04874
rn00670	One carbon pool by folate	C00101 C03479 C00143 C00440 C00504 C00415 C00445 C00664 C00234
rn00791	Atrazine degradation	C01566 C00011 C06559 C08737 C00086 C14149 C14148 C14147 C06560 C06553 C06554 C06551 C01010 C06552 C06557 C06558 C08735 C06555 C08734 C06556 C08733
rn00030	Pentose phosphate pathway	C00221 C01236 C00022 C00121 C01218 C01172 C01151 C00668 C04442 C00204 C05378 C00345 C00620 C03752 C00673 C00199 C00672 C00198 C00231 C00197 C00031 C01801 C05382 C06473 C00119 C00118 C00117 C00258 C00577 C05345 C06019 C00257 C00279 C00631 C20589
rn00710	Carbon fixation in photosynthetic organisms	C00354 C00001 C00111 C00199 C00011 C00022 C00231 C00197 C00041 C00074 C00085 C05382 C01182 C00118 C02076 C00117 C00447 C00149 C00369 C00049 C00236 C00279 C00036
rn00950	Isoquinoline alkaloid biosynthesis	C05316 C01516 C05191 C06160 C05190 C06161 C05193 C05194 C06165 C06162 C06163 C12162 C06520 C06167 C06327 C05315 C01795 C04118 C07307 C06171 C06172 C06175 C06173 C06174 C12173 C05243 C00757 C09248 C02890 C05322 C05247 C02134 C05202 C06533 C09328 C00355 C07304 C01852 C02105 C02106 C11818 C00483 C11816 C01735 C03758 C11817 C11814 C11815 C00082 C11813 C16710 C16712 C16713 C16714 C11250 C05175 C07592 C05174 C09330 C05177 C09337 C04043 C05176 C05179 C05178 C08526 C01179 C06517 C03765 C06518 C06516 C17591 C03329 C17592 C02915 C02916 C15530 C09390 C16700 C16701 C09581 C16702 C16703 C09421 C16706 C16707 C16708 C16709 C05220 C08532 C05189 C06511 C06512
rn00830	Retinol metabolism	C00376 C02588 C00473 C05916 C05917 C05914 C15492 C16680 C05915 C15493 C16681 C16682 C16683 C16677 C16678 C16679 C02094 C11061 C02075 C00778 C00899 C00777 C02110 C03455
rn00270	Cysteine and methionine metabolism	C00022 C00021 C00065 C00263 C01118 C03539 C15606 C00506 C00109 C04582 C04188 C01077 C01234 C05526 C00155 C00793 C01005 C01962 C05528 C05527 C02218 C00073 C11481 C02291 C08276 C00957 C03145 C05524 C00320 C00441 C01137 C00041 C00283 C02989 C11537 C01817 C19787 C11499 C00409 C00606 C00049 C06547 C05824 C05823 C00097 C00051 C00491 C00094 C00170 C15650 C18049 C15651 C01180 C03082 C00979 C00019 C03089 C00059 C09306 C21015 C02356 C21016
rn00300	Lysine biosynthesis	C00024 C00441 C05539 C00263 C00680 C19886 C19888 C19887 C16138 C19889 C04462 C20279 C00449 C20278 C01251 C04002 C04882 C20277 C00666 C00049 C03871 C04421 C00026 C05535 C00047 C00322 C03972 C20258 C04877 C04390 C03082 C05560 C00956 C05662 C04076
rn00660	C5-Branched dibasic acid metabolism	C00100 C02226 C00022 C01732 C03618 C00109 C01011 C06029 C00026 C00048 C06027 C00025 C06028 C00651 C00033 C02612 C02876 C02614 C01109 C00490 C06010 C06032 C06033 C06030 C06031 C00417 C06234 C06034 C00810 C06035 C02630 C00531
rn00540	Lipopolysaccharide biosynthesis	C07838 C04824 C00043 C07836 C19880 C19881 C11472 C06022 C04121 C06025 C00229 C06026 C06024 C01112 C04932 C00199 C04738 C04919 C19877 C19879 C19878 C05382 C06251 C05761 C05223 C06397 C06398 C01187 C04652 C04478
rn01230	Biosynthesis of amino acids	
rn00020	Citrate cycle (TCA cycle)	C00024 C00068 C00122 C00022 C00042 C00074 C16254 C00091 C16255 C15972 C15973 C05381 C00417 C00149 C05379 C05125 C00026 C00158 C00036 C00311
rn01110	Biosynthesis of secondary metabolites	
rn00780	Biotin metabolism	C01037 C00120 C00086 C20374 C20373 C20372 C19846 C19845 C01092 C20378 C20377 C20376 C05552 C20375 C00047 C01894 C02656 C05921 C20385 C20384 C19673 C01209 C01909 C06250 C01063 C20387 C20386 C20683
rn00260	Glycine, serine and threonine metabolism	C00101 C00188 C00022 C00143 C00065 C00263 C00581 C05519 C19929 C00109 C00546 C00986 C06442 C00300 C00740 C00078 C00430 C01005 C00197 C02855 C01888 C02737 C03508 C01726 C00719 C02291 C02051 C01242 C00037 C00114 C00631 C02972 C00441 C16432 C03194 C03232 C00049 C00048 C00168 C01026 C00011 C00097 C03082 C06231 C03283 C00258 C00213 C00576 C00014 C01102
rn00140	Steroid hormone biosynthesis	C03935 C18075 C03772 C04518 C05285 C05284 C00951 C00674 C01124 C00280 C05290 C05291 C05294 C05293 C05296 C05295 C05298 C05297 C05299 C03205 C05504 C05503 C03681 C00735 C04373 C01780 C05500 C05469 C05502 C05501 C00187 C01953 C18038 C18039 C05470 C05472 C05471 C05474 C05473 C05476 C05475 C00468 C05478 C05477 C03852 C05479 C02537 C02538 C03747 C05481 C05480 C05483 C05482 C05485 C08358 C05484 C08357 C02373 C05487 C05489 C05488 C04555 C04676 C08359 C03917 C13713 C13712 C11135 C11136 C11133 C11134 C05490 C11131 C11132 C04042 C02140 C05498 C05497 C00523 C01176 C05499 C05139 C00762 C05138 C18041 C01227 C18040 C18043 C18042 C18045 C18044 C05140 C04295 C05141 C05300 C00535 C05302 C05301 C00410
rn00261	Monobactam biosynthesis	C00188 C00441 C00022 C05539 C00065 C00062 C00082 C01739 C12323 C20914 C20913 C20912 C20911 C00927 C20918 C20917 C20916 C03590 C20915 C03198 C00049 C00224 C01179 C03972 C20258 C01941 C17351 C17352 C17355 C20919 C16842 C20929 C03082 C20928 C20927 C00019 C20921 C20920 C00059
rn00945	Stilbenoid, diarylheptanoid and gingerol biosynthesis	C00540 C02947 C12208 C17741 C17740 C10443 C17743 C17742 C17745 C17744 C17747 C17746 C10287 C17749 C10462 C17748 C00406 C00323 C00223 C05901 C01745 C17750 C10434 C03582 C00852
rn00943	Isoflavonoid biosynthesis	C01477 C10509 C02920 C10502 C10503 C12125 C10422 C15567 C12123 C00509 C06563 C00786 C10516 C15510 C15511 C14314 C12134 C12135 C04271 C09762 C09126 C02495 C01562 C16190 C16191 C16192 C10208 C16195 C16197 C16230 C10205 C16231 C16232 C16233 C12625 C10520 C10200 C10522 C10521 C07593 C15509 C05376 C03567 C01701 C10538 C10216 C16187 C16188 C16189 C16222 C16223 C16224 C14536 C16225 C12631 C16226 C16227 C16228 C16229 C00814 C00858 C01263 C02675
rn00944	Flavone and flavonol biosynthesis	C01477 C03898 C03897 C04900 C16490 C01514 C01714 C10107 C12249 C01470 C04024 C01155 C00389 C01156 C01750 C19796 C04199 C03515 C04608 C12628 C12629 C12626 C12627 C12668 C12667 C16911 C04444 C04443 C03951 C05625 C04858 C05903 C12637 C12638 C12635 C12636 C12633 C12634 C11620 C12632 C10098 C10175 C12630 C04293 C00616 C01460 C05622 C01265 C05623
rn00941	Flavonoid biosynthesis	C01477 C00540 C05911 C01514 C16492 C12208 C10028 C10107 C16410 C12127 C12128 C12123 C16415 C12124 C15525 C16416 C16417 C16418 C00509 C09751 C16419 C06561 C06562 C00389 C05631 C00223 C09756 C09806 C09727 C10434 C12136 C16404 C16405 C16406 C16407 C09762 C16408 C10192 C16409 C09320 C01378 C02947 C01617 C02906 C10044 C09099 C00406 C09736 C00323 C09614 C09827 C09826 C05905 C03648 C05906 C05903 C05904 C05909 C05907 C05908 C01709 C16422 C08650 C08578 C01460 C00974 C00852 C09789
rn00942	Anthocyanin biosynthesis	C16290 C16292 C16293 C16370 C16294 C16371 C16295 C16372 C16296 C16373 C16297 C16298 C19762 C12646 C16299 C12647 C12644 C12645 C12642 C12643 C12640 C12641 C08620 C08639 C16288 C16289 C12138 C16367 C12139 C16368 C16369 C12137 C12095 C12096 C20469 C20491 C20490 C20495 C20494 C16350 C20493 C16351 C20492 C16354 C16312 C16313 C16314 C16315 C12141 C12140 C08641 C20496 C08604 C08725 C05905 C05904 C05908 C16301 C16302 C16303 C16304 C16305 C16349 C16306 C16307 C20489
rn00785	Lipoic acid metabolism	C16239 C00725 C16236 C05752 C16237 C16238
rn00940	Phenylpropanoid biosynthesis	C01752 C18072 C00540 C02325 C18071 C02887 C02646 C18073 C05839 C10428 C10945 C05838 C10469 C12208 C12206 C12204 C12205 C16930 C12203 C15804 C00903 C15805 C15806 C15807 C01197 C00423 C05158 C00223 C00079 C05608 C00590 C01527 C18069 C10434 C10478 C20465 C20464 C00315 C18070 C20225 C00761 C01533 C02666 C05855 C00482 C05619 C02947 C00082 C00406 C06224 C01175 C01494 C04366 C00323 C01772 C05851 C05610 C05627 C10454 C10453 C10452 C00933 C00811 C00852 C00411
rn00380	Tryptophan metabolism	C00024 C01598 C05637 C05835 C00463 C05638 C05635 C00780 C05636 C05834 C05639 C05837 C01717 C02161 C00108 C02043 C05831 C01111 C03453 C03574 C05634 C05832 C05830 C00398 C02775 C03227 C05648 C00078 C05646 C01249 C05647 C03824 C02937 C02938 C02172 C00637 C05640 C06212 C00955 C05641 C06213 C00877 C00954 C02693 C02298 C05644 C00632 C05645 C05642 C05643 C05659 C02700 C05658 C04409 C17203 C10164 C16516 C16517 C16518 C00527 C03230 C05651 C00328 C05652 C01252 C02220 C05655 C00643 C05656 C05653 C00322 C05654 C00332 C03722 C00331 C01987 C00978 C02470 C05663 C05660 C01144
rn00410	beta-Alanine metabolism	C00024 C00222 C00100 C00386 C00383 C00083 C05670 C00804 C03492 C00429 C01073 C00106 C00986 C00864 C00049 C01013 C02642 C00750 C02335 C03722 C00099 C05668 C05669 C05340 C05341 C01262 C00315 C00555 C00334 C00135 C00894 C05665
rn00531	Glycosaminoglycan degradation	G09660 G02632 G00872 G01945 G13040 G00711 G13043 C00925 G13041 G13042 C00426 G12336 G01391 C00573 G10008 G10505 G00526 G13073 G01977 G13074 G13036 G13037 G13034 C00634 G13035 G13038 G13039
rn01100	Metabolic pathways	
rn00770	Pantothenate and CoA biosynthesis	C00882 C00022 C00141 C00183 C18911 C03492 C00429 C00229 C00900 C00966 C01053 C00106 C00864 C00049 C00522 C01134 C02642 C03688 C00099 C00010 C00054 C05944 C00097 C04352 C04079 C00831 C01088 C04039
rn00253	Tetracycline biosynthesis	C00024 C06627 C06628 C06625 C18294 C02811 C03206 C06626 C18293 C18296 C18295 C06629 C18298 C00083 C18297 C18299 C12442 C12441 C06571 C06570 C06624 C06654
rn00650	Butanoate metabolism	C00024 C00122 C01412 C04546 C00022 C00164 C00042 C02527 C06142 C06143 C00989 C06146 C06144 C06145 C03058 C20657 C00026 C00246 C00741 C00025 C00332 C00497 C00232 C01769 C00091 C06010 C11062 C00877 C00810 C01384 C03044 C03561 C02331 C01089 C01144 C03046 C00136 C00334 C00356 C02630 C02411
rn00254	Aflatoxin biosynthesis	C00024 C00083 C16753 C16754 C16755 C20499 C20575 C20453 C20574 C20452 C06800 C00961 C03944 C20583 C20507 C20506 C20505 C20504 C20508 C20444 C03683 C20503 C20502 C20501 C03686 C20445 C20500
rn00130	Ubiquinone and other terpenoid-quinone biosynthesis	C00341 C03657 C16695 C15882 C15883 C00828 C02483 C04145 C01230 C05313 C00423 C00544 C04146 C00223 C00156 C05802 C00353 C05803 C05847 C05807 C17570 C01967 C05804 C05848 C17010 C05805 C05849 C13309 C05809 C17412 C13425 C17017 C17018 C10793 C14156 C14155 C14154 C14153 C14152 C14151 C05200 C20265 C00399 C02059 C02730 C05813 C05814 C05811 C05812 C05817 C18131 C05818 C05815 C17560 C18133 C17561 C18132 C00082 C17562 C18135 C02949 C18134 C05819 C17568 C17569 C20738 C15547 C16999 C20737 C16519 C20773 C03672 C20772 C03993 C06986 C00885 C05810 C03313 C01179 C05427 C00251 C17551 C17552 C17432 C17554 C17559 C03160 C00811 C03885 C02477
rn01220	Degradation of aromatic compounds	
rn00010	Glycolysis / Gluconeogenesis	C00024 C00068 C00221 C01159 C00022 C00186 C00084 C16255 C06186 C06187 C01172 C00668 C06188 C00469 C01451 C05378 C00103 C00267 C00111 C00033 C00197 C00031 C00074 C15972 C15973 C00118 C00236 C05125 C05345 C00631 C00036
rn00250	Alanine, aspartate and glutamate metabolism	C00122 C00022 C00042 C00064 C00041 C03912 C03090 C02362 C00402 C00049 C00940 C03794 C00026 C00169 C20776 C00025 C20775 C00232 C00352 C00152 C03406 C00438 C12270 C01042 C00158 C00334 C00014 C00036
rn00930	Caprolactam degradation	C01147 C00571 C11519 C02824 C03739 C11249 C12314 C11520 C12313 C14145 C06593 C14144 C14143 C06102 C06103 C00414 C00854 C01880 C02232 C06104 C02378 C06105
rn00534	Glycosaminoglycan biosynthesis - heparan sulfate / heparin	C00033 C00054 C00053 G00163 G00162 G00164 G00157
rn00532	Glycosaminoglycan biosynthesis - chondroitin sulfate / dermatan sulfate	C00054 C00053 C01490 G00160 G00156 G00155 G00154 C00401 C02189 G00159 G00158 G00157
rn01212	Fatty acid metabolism	
rn01058	Acridone alkaloid biosynthesis	C10738 C10722 C12093 C00108 C12092 C03005 C10632
rn00365	Furfural degradation	C11101 C14279 C03724 C01546 C20450 C00845 C20443 C20441 C20447 C00026
rn00640	Propanoate metabolism	C00024 C00068 C00222 C01213 C02225 C00100 C00683 C05979 C00583 C00164 C00186 C00042 C00163 C00083 C00827 C00804 C00109 C00207 C00546 C06002 C00424 C05235 C01013 C04225 C00332 C02335 C05989 C00111 C00033 C00099 C00132 C02876 C05668 C01845 C17530 C00091 C15972 C15973 C02170 C21017 C04593 C21018 C20783 C00479 C05983 C00894 C05984
rn00520	Amino sugar and nucleotide sugar metabolism	C00140 C20395 C19961 C16698 C19725 C06241 C02280 C15925 C06240 C00668 C00029 C20672 C03410 C04501 C00267 C02336 C00275 C00031 C00394 C02977 C00270 C00714 C02330 C04631 C00159 C04630 C20424 C00167 C18094 C02985 C00043 C01019 C19745 C17326 C17327 C17328 C00329 C06023 C04089 C00325 C00446 C00203 C21027 C01788 C00052 C19972 C19971 C00617 C00734 C00976 C02352 C06156 C02199 C02474 C04257 C05345 C00333 C03733 C00461 C00181 C20638 C03691 C00501 C00984 C20359 C00103 C01674 C20357 C00352 C03906 C00191 C00190 C11521 C00636 C00999 C00996 C04037 C00357 C03117 C01219 C16153 C16154 C16155 C16156 C16157 C13952 C19823 C20419 C20418 C01170 C01050 C00128 C00645 C03599 C03598 C04613 C20083 C20082 C01623 C02713 C00096 C00935 C04297 C05385 C04573 C00259 C01222 C00498
rn01210	2-Oxocarboxylic acid metabolism	
rn00363	Bisphenol degradation	C10700 C13638 C13637 C13636 C13635 C18216 C13634 C18215 C13633 C13632 C13631 C14220 C00156 C00530 C13629 C13628 C13626 C13625 C13624 C13623 C13622 C13621 C13620 C14298 C00633
rn01056	Biosynthesis of type II polyketide backbone	C00024 C00100 C06625 C18293 C18331 C00083 C18330 C18333 C18332 C18335 C18334 C18337 C12348 C18336 C12356 C18328 C18327 C12354 C12442 C12355 C18329 C12441 C12350 C00136
rn00760	Nicotinate and nicotinamide metabolism	C03458 C00022 C18232 C15523 C03056 C03652 C01596 C04226 C01004 C20381 C00111 C00232 C02930 C00153 C19631 C02295 C06178 C05842 C05843 C05840 C05841 C01059 C00122 C16390 C00163 C16150 C16151 C16152 C16159 C15986 C15987 C03150 C00922 C00006 C01297 C00049 C01056 C00003 C03722 C00253 C02918 C05380 C00857 C03043 C01020 C01185 C01384 C00334 C00455
rn00364	Fluorobenzoate degradation	C02802 C16472 C16473 C02949 C16474 C16475 C16476 C16477 C16478 C16479 C11272 C06387 C02364 C02222 C02357 C02359 C16480 C16481 C16482 C03925 C16483 C16484 C00090 C16246 C16247 C16248 C16249 C06670 C06671 C02370 C02371 C04178
rn01057	Biosynthesis of type II polyketide products	C06801 C12408 C18353 C12409 C12406 C18355 C18630 C12407 C18354 C12404 C18357 C18632 C12405 C18356 C18631 C12369 C12402 C18359 C18634 C18358 C18633 C12367 C12400 C12368 C12401 C18635 C18638 C12366 C18637 C18639 C12419 C12417 C12418 C12415 C12416 C12413 C12414 C12378 C12411 C12379 C12412 C12376 C12377 C12410 C12374 C18629 C12375 C12373 C12370 C12371 C06654 C12428 C12429 C12426 C12427 C12424 C12425 C12389 C12422 C12423 C18778 C12387 C12420 C12388 C12421 C12385 C12386 C20977 C12383 C12384 C12381 C12382 C12380 C20976 C20975 C20974 C18360 C03206 C18641 C18640 C12437 C18642 C12435 C12436 C12433 C12434 C12398 C12431 C12399 C12432 C12396 C12397 C12430 C12394 C12395 C12392 C12393 C12390 C12391 C06799 C01661 C20689 C00061 C18678 C18711 C18710 C18679 C18835 C02811 C01847 C12451 C06571 C06570 C06691 C18709 C06627 C06628 C18294 C06626 C18293 C18296 C18295 C06629 C18298 C18297 C18299 C18332 C18335 C18337 C18336 C06624 C18681 C18680 C18683 C18682 C18685 C18684 C01907 C18329
rn00240	Pyrimidine metabolism	C00222 C00343 C00342 C00064 C00383 C00460 C20231 C00063 C00380 C11038 C11039 C00906 C00705 C15607 C00429 C00029 C00106 C00105 C02642 C00112 C00475 C00672 C01368 C00075 C05281 C02170 C00119 C00438 C00239 C00039 C02376 C01563 C01168 C00046 C00365 C03997 C00364 C00881 C00363 C00086 C20253 C00526 C20254 C02067 C00169 C01013 C00178 C00299 C01103 C01346 C00055 C00099 C05822 C00295 C06198 C00813 C05100 C00459 C00337 C00458 C05145 C00214 C02354 C20249 C00015 C02355
rn00361	Chlorocyclohexane and chlorobenzene degradation	C06328 C06603 C06329 C04706 C18236 C18238 C07095 C07096 C07093 C07094 C11352 C07099 C07097 C07098 C03572 C06601 C06602 C02124 C00146 C01751 C06600 C02933 C02814 C01407 C07100 C07103 C04431 C07101 C07102 C02375 C03585 C02575 C03664 C00682 C06988 C06989 C00042 C02625 C04729 C00160 C05618 C03918 C07075 C02222 C03434 C04522 C00530 C00011 C16181 C16182 C18241 C18240 C12837 C18243 C12838 C18242 C12835 C12836 C14419 C18244 C12833 C16266 C00090 C12834 C07091 C12831 C07092 C12832 C07090 C04091 C07088 C06594 C06990 C07089 C14450 C06597 C06598 C06596 C06755 C06599
rn00120	Primary bile acid biosynthesis	C04722 C00187 C02528 C17343 C17345 C15520 C17346 C13550 C06341 C05450 C05452 C05451 C05454 C03594 C05453 C05455 C01794 C05337 C00245 C00695 C01301 C05449 C05448 C01921 C17331 C17332 C17333 C17335 C17336 C15610 C17337 C17339 C15613 C15518 C15519 C05460 C05122 C05465 C04554 C05445 C05467 C05444 C05466 C00037 C05447 C05446 C05468
rn00362	Benzoate degradation	C00024 C00022 C00180 C00628 C02480 C06322 C06321 C03453 C06723 C00587 C00146 C01278 C00156 C00596 C03589 C00230 C00196 C02814 C09809 C01407 C06333 C00877 C01163 C00512 C03586 C04553 C00036 C02411 C04115 C04434 C06336 C02501 C06749 C00682 C00084 C02949 C04480 C00527 C00846 C04484 C05375 C09810 C03671 C02222 C09813 C03676 C09812 C04324 C09811 C00332 C00530 C06715 C06714 C02519 C00091 C00090 C04091 C14610 C06033 C09821 C01063 C06035 C02232 C01144 C09823 C09822
rn01055	Biosynthesis of vancomycin group antibiotics	C11907 C00083 C00082 C12318 C12319 C12325 C11930 C12026 C12323 C12324 C12321 C12014 C12322 C12320 C03590 C03198 C00842 C06689 C01179
rn00480	Glutathione metabolism	C00024 C01879 C01419 C03170 C00669 C00006 C00127 C02320 C00005 C01672 C05730 C00025 C00134 C00750 C05726 C00077 C03646 C00097 C05729 C00151 C00051 C05727 C00072 C16562 C16563 C16564 C16663 C16565 C16664 C16566 C16567 C16568 C02090 C00315 C03740 C05422 C00037 C01322
rn00360	Phenylalanine metabolism	C00024 C02765 C00022 C06207 C00582 C00180 C17268 C15524 C14145 C14144 C05593 C08301 C08300 C01198 C00423 C05598 C00223 C02763 C04148 C00079 C00156 C00596 C02137 C20062 C03589 C05607 C04351 C00755 C00512 C04479 C07303 C00630 C00122 C00166 C00042 C02505 C00084 C03519 C00083 C00082 C12624 C12622 C11457 C12623 C19945 C12621 C19946 C00805 C16719 C00406 C04044 C00601 C05332 C02265 C05853 C06866 C00323 C00642 C01772 C01575 C05852 C05629 C00091 C18202 C11588 C19975 C16666 C07086 C00811 C02232 C05620 C01586
rn01053	Biosynthesis of siderophore group nonribosomal peptides	C06769 C00196 C00251 C12219 C12216 C12037 C12038 C12220 C12221 C00805 C04171 C00885 C05821
rn00523	Polyketide sugar unit biosynthesis	C11919 C18030 C11918 C03319 C11915 C18032 C11916 C18031 C18034 C18033 C11911 C11933 C11912 C11931 C11910 C11932 C11930 C12481 C07277 C00688 C00842 C04268 C00103 C11908 C11909 C11928 C11907 C11926 C11927 C11925 C11922 C11920 C11921 C18029 C11460 C03187 C18092
rn00402	Benzoxazinoid biosynthesis	C00463 C15769 C18062 C03506 C11130 C15770 C15772 C04831 C12312
rn00920	Sulfur metabolism	C00320 C00065 C00087 C00263 C00042 C01118 C00283 C00580 C15521 C00409 C02084 C04022 C00224 C00245 C03920 C00155 C00033 C00054 C00053 C00097 C19692 C00094 C11145 C11142 C11143 C08276 C00979 C00059 C01861
rn00403	Indole diterpene alkaloid biosynthesis	C20550 C20594 C20593 C20532 C20554 C20531 C20553 C20530 C20552 C20596 C20551 C20595 C20536 C20535 C20534 C20555 C00353 C03506 C20561 C20529 C20528 C20527 C13782 C20526 C20548 C20543 C20587 C20542 C20586 C20525 C20546 C20601 C20545
rn00524	Butirosin and neomycin biosynthesis	C00043 C17580 C17581 C20351 C02627 C17582 C20350 C00061 C01737 C01759 C17583 C17585 C17586 C17587 C17588 C17589 C17209 C00229 C00304 C20353 C00025 C01743 C00031 C01847 C00092 C18005 C18004 C15652 C18007 C18006 C18009 C18008 C01441
rn00400	Phenylalanine, tyrosine and tryptophan biosynthesis	C00166 C00441 C00463 C00082 C16850 C00826 C01094 C03175 C20653 C00108 C00944 C00587 C20710 C01179 C04302 C20654 C00079 C00354 C00078 C00254 C01269 C01302 C00230 C00296 C00251 C00493 C03506 C00074 C02637 C17235 C16848 C04691 C00119 C20327 C00279
rn00521	Streptomycin biosynthesis	C04767 C01214 C01138 C11907 C00031 C00691 C03319 C00092 C04280 C11351 C06592 C01283 C01294 C04673 C00413 C00688 C00842 C01121 C00137 C01221 C01298 C03442 C00103 C04006
rn00642	Ethylbenzene degradation	C00024 C00596 C06727 C00163 C06728 C11348 C07083 C07111 C07114 C07123 C07189 C07113 C00512 C07118
rn00643	Styrene degradation	C00596 C00122 C00164 C00186 C01998 C02505 C16074 C01659 C16075 C07084 C07085 C07083 C00827 C05593 C07086 C01061 C07087 C00601 C20782 C00511 C00544 C00894 C01036 C05852
rn00522	Biosynthesis of 12-, 14- and 16-membered macrolides	C00100 C11959 C11916 C01912 C11957 C11958 C11911 C11955 C11999 C11912 C11956 C11953 C11997 C11954 C11998 C11995 C11996 C11993 C11994 C11991 C12002 C11992 C12003 C12000 C11990 C12001 C00744 C01033 C02400 C06616 C11968 C11969 C11966 C11967 C11920 C11964 C11921 C11965 C11962 C11963 C11960 C11961 C06653 C00630 C00683 C01457 C11979 C00083 C11933 C11977 C11978 C11975 C11976 C11973 C11974 C11971 C11972 C11970 C02557 C01946 C11988 C11989 C11986 C11987 C11984 C11985 C11982 C11983 C11980 C11981 C06630 C03240 C20760 C06634 C06635 C06633
rn00401	Novobiocin biosynthesis	C00082 C12468 C12469 C12467 C12462 C20637 C12463 C12460 C12482 C05073 C12461 C12483 C12480 C12481 C00148 C01179 C00254 C12459 C12457 C12479 C12458 C12477 C12456 C12475 C05080 C12476 C12473 C12474 C12471 C12032 C12472 C12470 C20629
rn01051	Biosynthesis of ansamycins	C12109 C14727 C12107 C12108 C14725 C14724 C12106 C14723 C12246 C14722 C12247 C14721 C12044 C12045 C14540 C20136 C20135 C20134 C00029 C20139 C20138 C20137 C20140 C01848 C12215 C12213 C12214 C12211 C12212 C12176 C12177 C12210
rn00750	Vitamin B6 metabolism	C00266 C04106 C01215 C04604 C11638 C03393 C00627 C00847 C01270 C00647 C07335 C00199 C00232 C00250 C06050 C06051 C06054 C06055 C06052 C04690 C00118 C06056 C00018 C00314 C00534 C04773 C00279 C00971
rn00630	Glyoxylate and dicarboxylate metabolism	C00024 C00266 C00100 C04348 C00022 C00065 C03217 C03459 C00064 C02405 C03618 C00988 C00149 C01990 C00027 C02123 C20238 C00026 C06049 C00025 C00552 C01127 C03548 C00197 C18026 C00877 C00798 C00313 C00037 C00158 C00036 C00311 C01213 C00683 C01732 C00042 C00160 C00209 C00888 C00007 C00048 C06027 C00168 C06028 C00332 C00011 C01989 C00091 C18324 C01182 C01380 C00417 C00898 C00975 C03561 C00258 C00136 C00014 C00058 C01146
rn00473	D-Alanine metabolism	C00133 C00022 C04260 C00041 C04457 C00993
rn00231	Puromycin biosynthesis	C00002 C01610 C07030 C07031 C07032 C00082 C07026 C07027 C07024 C07025 C07028 C07029
rn01200	Carbon metabolism	
rn00232	Caffeine metabolism	C00385 C16360 C16361 C16362 C16352 C16363 C16353 C16364 C13747 C16365 C16355 C16366 C16356 C16357 C16358 C16359 C07480 C07481 C07130 C00048 C01762
rn00350	Tyrosine metabolism	C00022 C06044 C00628 C04185 C05593 C05350 C05595 C06047 C06201 C04186 C05594 C06048 C00547 C00822 C00788 C05596 C06046 C00544 C02167 C02442 C00146 C01036 C05604 C00232 C01207 C17936 C17935 C17938 C17937 C03063 C01161 C04796 C05600 C00355 C04797 C00122 C05338 C00164 C00483 C00042 C03758 C00082 C10447 C04043 C03672 C03077 C04045 C01693 C04642 C05577 C05576 C00642 C02465 C05579 C01179 C01850 C04368 C05578 C00530 C03765 C02514 C02515 C01829 C05580 C01060 C05582 C01061 C04052 C05581 C05584 C05583 C00811 C06199 C05585 C05588 C05587 C05589
rn00592	alpha-Linolenic acid metabolism	C06427 C16330 C16331 C16310 C16332 C16311 C16334 C11512 C16335 C16336 C16316 C16338 C16317 C16339 C16318 C16319 C04780 C04785 C01226 C16341 C16320 C16342 C16321 C16343 C16300 C16322 C16344 C16323 C16345 C16324 C16346 C16325 C16326 C19757 C16327 C08492 C16328 C08491 C16308 C16309 C04672 C00157
rn00471	D-Glutamine and D-glutamate metabolism	C02237 C00819 C03933 C05723 C00692 C00064 C01050 C00217 C02671 C00026 C00025 C01212
rn00230	Purine metabolism	C00387 C05515 C00144 C05239 C00385 C03614 C04823 C05516 C00020 C00064 C00262 C12248 C03090 C03373 C05993 C00700 C00942 C00104 C00147 C00224 C00301 C00620 C05513 C05512 C00035 C01367 C02091 C04392 C00119 C00559 C00117 C00039 C04751 C00037 C04677 C01762 C00002 C00046 C00044 C00242 C00286 C02348 C00362 C00086 C00361 C00360 C03838 C00081 C15667 C00802 C00603 C00008 C00206 C04640 C03794 C00048 C00169 C00366 C01345 C04734 C00011 C00330 C00054 C00131 C00053 C00130 C01228 C00294 C02718 C11821 C06193 C06194 C04051 C06197 C06195 C06196 C01260 C03483 C01261 C02350 C04494 C06433 C04376 C00655 C02353 C00059 C00499 C00014 C00212 C00575 C01344 C06435
rn00472	D-Arginine and D-ornithine metabolism	C00077 C00792 C01667 C03943 C00062 C00515 C03771 C03341 C01110 C03564
rn00351	DDT degradation	C06638 C06649 C04623 C06639 C06636 C06647 C06637 C06648 C02370 C06641 C06642 C04596 C06650 C03077 C06640 C06651 C06645 C06646 C06643 C06644
rn00590	Arachidonic acid metabolism	C01312 C04822 C05956 C00584 C05957 C05954 C05955 C05958 C05959 C14749 C14748 C14824 C14823 C14822 C14821 C14820 C00909 C14782 C14781 C14780 C00427 C02165 C02166 C05952 C05356 C05953 C03577 C05950 C04742 C05951 C05965 C05966 C14717 C14795 C14794 C00639 C05960 C05963 C05964 C05961 C00157 C05962 C14809 C14808 C14807 C04805 C14769 C14768 C06462 C13809 C05949 C14815 C14814 C14813 C14779 C14812 C14778 C14811 C14777 C14810 C14732 C14776 C14775 C14774 C14773 C14772 C14771 C14770 C00219 C02198 C06315 C04853 C00696 C04577 C06314
rn00073	Cutin, suberine and wax biosynthesis	C02843 C01612 C19620 C19622 C19621 C19624 C19623 C18218 C18217 C19625 C00609 C08281 C08285 C00406 C01371 C00249 C01450 C00226 C01629 C19630 C19615 C19614 C19617 C19418 C19616 C19618 C00712
rn00591	Linoleic acid metabolism	C14829 C14828 C14827 C14826 C14825 C14767 C14766 C14765 C14762 C07354 C07338 C01595 C06426 C20186 C04717 C14837 C14836 C14835 C14834 C14833 C14832 C14831 C19937 C00219 C03242 C04056 C07289 C00157
rn00910	Nitrogen metabolism	C00244 C00288 C00011 C00088 C00064 C01417 C00192 C00726 C05361 C06058 C00887 C00533 C00169 C00488 C00697 C01563 C00014 C00025 C00058
rn00514	Other types of O-glycan biosynthesis	
rn00512	Mucin type O-Glycan biosynthesis	G10611 G00031 G00030 G00024 G00035 G00023 G00034 G00033 G00032 G00028 G00027 G00026 G00025 G00029 C02189
rn00633	Nitrotoluene degradation	C16391 C16392 C16393 C16394 C16395 C16396 C16397 C16398 C16399 C16411 C18315 C16412 C16413 C18317 C16414 C18316 C14401 C18318 C06002 C01468 C18320 C16420 C16400 C11006 C16401 C16402 C16403
rn00513	Various types of N-glycan biosynthesis	G12617 G10716 G00013 G00012 G00011 G00017 G00016 G00015 G00014 G00179 G11040 G11000 G13047 G13048 G10694 G10770 G13049 G12626 G11933 G12625 G13050 G01813 G13055 G13058 G13059 G13056 G13057 G10841
rn00510	N-Glycan biosynthesis	C00381 G00171 G00013 G00012 G00011 G00010 G00017 G00016 G00015 G00014 G00019 G00018 G10595 G10597 C00621 G10596 G10599 G10598 C01246 C00110 G10526 G00020 C00096 G00002 G00001 G00022 G00021 G00006 G00005 G00004 G00003 G00009 G00008 G00007 C03021 C03862
rn00909	Sesquiterpenoid and triterpenoid biosynthesis	C20193 C08628 C20192 C20191 C20195 C19801 C06083 C16814 C09672 C02004 C20159 C20478 C01126 C01841 C20181 C20187 C03428 C16286 C19752 C19751 C19676 C19753 C19833 C19678 C19711 C19755 C19832 C19835 C19834 C19918 C09684 C03461 C03220 C08637 C00751 C07667 C09723 C06309 C19740 C19820 C19742 C19863 C19747 C19746 C19749 C19748 C19828 C12142 C19708 C19829 C19908 C09699 C00448 C01054 C09737 C09629 C08616 C16141 C20163 C16142 C16143 C18245 C17277 C19732 C19974 C19973 C06080 C16269 C16028 C17954 C19736 C17953 C17955 C09382 C20724 C19819 C19939 C06394 C16829 C09666 C09665 C20200 C06079 C06310 C08615 C09627 C09704 C01860
rn00908	Zeatin biosynthesis	C00002 C00066 C02029 C01513 C00020 C16430 C16431 C15545 C15546 C07330 C04083 C00008 C00029 C00147 C00033 C04713 C00371 C00170 C01804 C16441 C00190 C16443 C16445 C16467 C16424 C16447 C16426 C16448 C16427 C16449 C16428 C16429 C00979 C00019 C03300 C04432 C00015 C00235 C03423
rn00905	Brassinosteroid biosynthesis	C16251 C16252 C16253 C15784 C15785 C15786 C15787 C15788 C15789 C15800 C15801 C15802 C15803 C08814 C01789 C15790 C15791 C19873 C15792 C15793 C15794 C19874 C15795 C15796 C15797 C15798 C17733 C15799 C17735
rn00906	Carotenoid biosynthesis	C16291 C15881 C15884 C15885 C13456 C15886 C13455 C15887 C13454 C15888 C13453 C06082 C05430 C05432 C05431 C05434 C05433 C05435 C03427 C16280 C16282 C03428 C16284 C19795 C19798 C19797 C15874 C15514 C15877 C15878 C15911 C15879 C06098 C15914 C15917 C08607 C08606 C20693 C20692 C15940 C15941 C15942 C15943 C00448 C08601 C09707 C16340 C15892 C15895 C15898 C15935 C15937 C08614 C08613 C08579 C18036 C19765 C18037 C19764 C08580 C15965 C15966 C15967 C08585 C15968 C08584 C15969 C08583 C08586 C00353 C16486 C08592 C08591 C19759 C08590 C02094 C16270 C16271 C16274 C16275 C16276 C16277 C15860 C15981 C16278 C15861 C15982 C16279 C15983 C15984 C15864 C13433 C13431 C15867 C15900 C15902 C15903 C15905 C15908 C05414 C05413 C20484 C19892 C16144 C16145 C15970 C16146 C15971 C16147 C16148 C09190 C15857 C15858 C15859 C05421
rn00903	Limonene and pinene degradation	C19084 C19083 C11399 C11950 C11397 C11398 C11395 C11396 C11929 C01767 C11409 C11407 C11924 C19079 C11408 C11405 C11406 C11403 C11404 C11401 C11402 C11400 C06099 C09880 C09884 C02452 C04435 C19082 C02576 C19081 C11939 C11937 C11938 C11418 C11935 C11419 C11936 C11416 C11417 C11934 C11414 C11415 C11412 C11413 C11410 C11411 C07271 C07276 C00964 C00521 C11948 C11949 C02759 C11946 C11947 C11944 C11945 C11942 C11943 C11940 C11941 C11421 C11420 C11383
rn00904	Diterpenoid biosynthesis	C20150 C20270 C20151 C06090 C06091 C06087 C06088 C20158 C06089 C20711 C09118 C18221 C18220 C18223 C18222 C18225 C18224 C09094 C18226 C18229 C18228 C06094 C06095 C06092 C06093 C06096 C20146 C20145 C20700 C20149 C01414 C11858 C11859 C11857 C11854 C18016 C11855 C18015 C11853 C11905 C20681 C11869 C11902 C11867 C11900 C11868 C11901 C11865 C11866 C11863 C11864 C11861 C11862 C11860 C20208 C00859 C03579 C11878 C11879 C11876 C11877 C11874 C11875 C11872 C11873 C11870 C11871 C00353 C20185 C11889 C11887 C11888 C11885 C11886 C11883 C16523 C11884 C16524 C11881 C11882 C11880 C01699 C18211 C11898 C11899 C11896 C11897 C11894 C11895 C11893 C18219 C11890 C07394 C13273 C11700 C12077 C09183 C02034 C02035
rn00071	Fatty acid degradation	C00024 C00340 C01832 C05270 C05272 C05271 C05274 C05273 C05276 C00229 C00823 C05275 C00226 C05279 C00154 C03547 C00071 C05280 C00517 C00638 C00877 C03221 C00435 C00162 C00527 C01371 C00249 C05258 C00489 C05259 C00332 C00010 C01944 C05261 C05260 C05263 C05262 C05265 C05264 C02593 C05102 C05267 C02990 C03561 C05266 C20683 C05269 C01144 C05268 C00136
rn01040	Biosynthesis of unsaturated fatty acids	C02249 C16170 C16171 C16172 C16173 C16530 C16179 C16531 C16532 C16533 C02041 C01595 C01203 C00154 C16160 C16161 C16162 C16163 C16164 C16165 C16166 C16167 C16168 C16169 C16522 C16645 C16525 C16526 C16527 C16528 C16529 C02050 C00712 C00510 C08316 C05764 C06429 C06427 C06428 C16513 C08281 C08320 C04088 C03595 C08323 C00249 C06425 C03035 C06426 C01530 C16180 C00219 C03242 C00412
rn00072	Synthesis and degradation of ketone bodies	C00024 C00332 C00164 C00207 C01089 C00356
rn00860	Porphyrin and chlorophyll metabolism	C00541 C06407 C06408 C06406 C11832 C11830 C11831 C05790 C05791 C05794 C05795 C05793 C05798 C01079 C00025 C05797 C03029 C00430 C06416 C00032 C18064 C03263 C00037 C02469 C02987 C18098 C11850 C12147 C11851 C04122 C02463 C04536 C04778 C06319 C01708 C02191 C06399 C00853 C01024 C05912 C00188 C05913 C18151 C02800 C18153 C18152 C18155 C18154 C18157 C18156 C11630 C00748 C06320 C02880 C03179 C00500 C00992 C05769 C02139 C05767 C05768 C18021 C00194 C18022 C15670 C16242 C16243 C15672 C16244 C11243 C11242 C05766 C03741 C00486 C06506 C06507 C05778 C06504 C05779 C06505 C02823 C03516 C06508 C11539 C06509 C11538 C17401 C03194 C01051 C05772 C05773 C05770 C00524 C05777 C06503 C05774 C03114 C05775 C05306 C18160 C05789 C11829 C18162 C05307 C18161 C14819 C18163 C14818 C16540 C16541 C11545 C11542 C11543 C11540 C05780 C05783 C05784 C06510 C05781 C00931 C05782 C05787 C05785 C05786
rn00981	Insect hormone biosynthesis	C00187 C16493 C16494 C16495 C16496 C16497 C16498 C16499 C09694 C00448 C01493 C02633 C02513 C16500 C16501 C16502 C16503 C16504 C16505 C16506 C16507 C16508 C16509 C01164 C00477
rn00740	Riboflavin metabolism	C00255 C00530 C01268 C00001 C00199 C00474 C00044 C00472 C01007 C01304 C00061 C01847 C01727 C15563 C15556 C18910 C04332 C00007 C01352 C00016 C04454 C04732 C03114 C05995
rn00982	Drug metabolism - cytochrome P450	D08559 C01516 C16570 C16571 C16572 D00399 C16576 C16577 C16610 C16578 C16612 C07572 C01471 C16560 C16561 C16601 C16569 C16602 C16603 C16604 C16605 C16606 C16607 C07185 C16608 C16609 C07108 C07501 C16591 C16592 C16595 C16596 D00252 C07073 D00536 D00533 C16582 C16584 C16586 C16587 C11583 C07643 C07646 C07888 C07647 C07644 C07645 C16650 D08195 C16651 C16652 C16653 C16654 D00195 C16655 D08233 C16656 C16657 C07492 C16658 C16659 D04716 C07495 C07496 C07493 D00358 D07704 C16643 C11004 C16648 C16649 C06174 D07760 C06868 C16550 C16551 C16552 C16553 C16554 C16555 C16556 C16557 C16558 C16559 C05011 C16660 C16661 C16662 D00343 C16544 C16545 C11785 C16546 C16547 C16548 C16549 C08012 C07163 C07047 C06754
rn00220	Arginine biosynthesis	C00122 C00011 C00077 C00064 C00086 C03406 C00062 C15532 C20949 C20948 C20950 C01250 C00327 C00437 C00624 C01010 C04133 C00049 C00026 C00169 C00014 C00025 C20951
rn00100	Steroid biosynthesis	C04525 C01753 C05437 C00187 C05439 C18231 C15780 C15781 C15782 C15783 C11455 C02141 C15808 C00448 C01054 C07712 C01694 C01673 C08821 C05108 C05107 C03845 C05109 C01789 C01943 C11508 C01724 C03428 C01802 C01902 C11522 C11523 C15776 C15777 C15778 C15816 C15915 C05441 C05440 C08830 C05443 C01164 C05442 C01561 C02530 C05103 C01189 C00751
rn00980	Metabolism of xenobiotics by cytochrome P450	C19561 C19563 C19562 C11713 C19565 C11714 C19564 C16453 C19567 C19566 C19569 C19602 C14789 C19568 C11036 C11278 C14788 C19604 C14787 C19603 C14786 C19606 C14785 C19605 C14784 C00829 C14783 C19607 C11150 C03012 C06800 C02617 C14839 C14799 C14039 C14556 C14798 C19559 C14797 C14796 C14793 C14792 C14791 C14790 C06899 C19581 C19580 C19582 C19585 C14849 C14848 C19586 C14847 C19589 C14846 C19588 C14845 C14844 C14843 C14842 C14841 C16756 C14840 C14040 C19574 C14859 C14858 C19578 C14857 C19577 C14856 C14855 C19579 C14854 C14853 C14852 C14851 C14850 C14453 C06790 C19488 C14869 C14868 C19489 C14867 C14866 C14865 C14864 C14863 C14862 C14861 C07490 C14860 C00745 C06205 C07535 C19590 C19592 C19591 C19594 C19595 C14877 C14876 C14875 C14874 C14873 C14872 C11088 C14871 C14870 C14806 C14805 C14804 C14803 C14802 C14801 C14800 C19490 C11148 C11149 C06755
rn00460	Cyanoamino acid metabolism	C05714 C05715 C00561 C00065 C03219 C16074 C00183 C16075 C00082 C18796 C15503 C05670 C00407 C08325 C20312 C20311 C00844 C20310 C01594 C00049 C00302 C05711 C20315 C00488 C20314 C20313 C00079 C19491 C01401 C02512 C01326 C00097 C00152 C02659 C19712 C19714 C19715 C05143 C06114 C08334 C04353 C00037 C03742 C00014 C03004
rn00340	Histidine metabolism	C00860 C00386 C16673 C16674 C05131 C05571 C05130 C05570 C05133 C20994 C05572 C01152 C05135 C05575 C00049 C03277 C00026 C00785 C04666 C00025 C00388 C02741 C20995 C04437 C05828 C02835 C05829 C03409 C04916 C05827 C02739 C01929 C00439 C00119 C03680 C01262 C01044 C01045 C01100 C05565 C04677 C05568 C00135 C01267 C04896 C05127 C20522
rn00062	Fatty acid elongation	C00024 C00640 C00264 C02843 C01832 C00162 C00040 C00083 C05270 C20879 C20878 C05272 C05271 C05274 C00605 C05273 C05276 C05275 C00249 C05258 C20877 C20876 C05259 C00154 C01944 C05261 C05260 C05263 C00638 C05262 C05265 C00658 C05264 C02593 C03221 C05267 C05266 C05269 C05268 C00136
rn00901	Indole alkaloid biosynthesis	C01852 C03677 C11812 C11634 C11678 C11810 C11635 C11679 C11632 C11676 C11633 C11677 C11675 C01091 C11691 C03470 C06542 C09239 C00398 C11809 C00078 C00132 C11807 C11808 C00031 C01626 C03309 C11643 C11641 C11784 C11642 C09241 C11683 C11783 C11681 C11682 C09024 C09244 C11680 C02074 C02151 C07201 C02673 C01761 C04578 C07204 C09107
rn00626	Naphthalene degradation	C02923 C14109 C14108 C14107 C14106 C14105 C14104 C14103 C14102 C00829 C14101 C14100 C00628 C06202 C03012 C06203 C06204 C16201 C14119 C16202 C14118 C14117 C14116 C14115 C14114 C14113 C14112 C14111 C14110 C06730 C04314 C16193 C16194 C16196 C16198 C16199 C02909 C14089 C00805 C14088 C14087 C14120 C14086 C14085 C14084 C14083 C14082 C00091 C00090 C14099 C14098 C14097 C14096 C14095 C14094 C14093 C14092 C14091 C03203 C14090
rn00902	Monoterpenoid biosynthesis	C01433 C00341 C01512 C01957 C11636 C11951 C17622 C11952 C17621 C11672 C11673 C03092 C11393 C02485 C01767 C11409 C04718 C18025 C18027 C06099 C20221 C02452 C04433 C09769 C01123 C00553 C09844 C06308 C01852 C06307 C03190 C06066 C09893 C00848 C06069 C00843 C00964 C02462 C00400 C00521 C02344 C01500 C11388 C11389 C06070 C06071 C06076 C11383 C06074
rn00627	Aminobenzoate degradation	C02247 C02720 C06605 C06606 C06604 C18351 C00261 C06607 C06608 C00180 C08063 C00108 C06206 C00146 C00156 C02137 C00870 C00230 C00472 C02734 C06813 C16281 C00196 C03824 C16283 C02814 C16285 C16200 C10833 C18345 C18348 C18347 C18349 C07103 C07301 C02372 C05165 C00877 C00755 C00512 C00633 C06337 C00632 C06335 C04434 C05616 C09815 C16272 C16273 C02949 C14604 C16234 C16235 C14602 C18338 C02183 C03590 C04484 C00568 C03198 C03671 C09814 C02222 C00530 C01983 C01984 C01424 C06317 C01987 C06719 C01108 C00292 C14418 C00090 C16267 C16268 C03360 C06674 C06675 C06672 C06673 C06876 C01144 C06676 C02235
rn00624	Polycyclic aromatic hydrocarbon degradation	C16210 C16211 C16212 C16213 C16214 C11432 C16215 C11433 C11430 C11431 C03012 C01198 C04468 C16203 C14315 C16204 C16205 C16206 C16207 C16208 C16209 C18250 C18252 C18251 C18254 C18253 C18256 C18255 C18258 C18257 C18259 C04484 C06318 C18249 C14335 C03164 C06711 C06712 C03203 C18270 C18272 C18271 C18274 C18273 C18276 C18275 C18278 C18277 C18279 C18314 C06680 C04783 C03057 C00587 C07535 C18261 C00230 C18260 C18263 C18262 C18265 C18264 C01606 C14519 C18267 C18266 C18269 C01163 C03223 C06337 C07717 C07715 C07718 C07719 C00805 C03233 C07727 C18281 C07728 C18280 C07725 C18283 C07726 C18282 C18285 C01504 C18284 C11429 C16262 C16263 C18286 C11427 C16264 C11428 C11425 C00090 C11426 C16149 C11422 C07720 C02274 C07723 C07724 C07721 C07722
rn00900	Terpenoid backbone biosynthesis	C00024 C00022 C00341 C04506 C04748 C05859 C19760 C11436 C11437 C11811 C11434 C11435 C11453 C00129 C00448 C04145 C01230 C00621 C02321 C04146 C00332 C05427 C00353 C01126 C04216 C19691 C01107 C20121 C20120 C18321 C17432 C19853 C19852 C16521 C20848 C20847 C16826 C00418 C03461 C20345 C00118 C04574 C01143 C00235 C00356
rn00625	Chloroalkane and chloroalkene degradation	C00024 C00222 C00067 C06548 C06609 C00084 C00160 C14866 C07490 C00209 C11150 C06547 C06789 C00048 C00011 C06614 C06615 C01548 C18247 C18246 C11148 C11149 C18248 C16348 C06791 C06792 C01380 C02271 C06790 C06752 C06793 C00237 C06612 C06755 C06613 C06610 C06753 C00058 C06611 C06754
rn00622	Xylene degradation	C00024 C00100 C00022 C02923 C00084 C06729 C11354 C06582 C06580 C06581 C06762 C07213 C07214 C07478 C06760 C07211 C07212 C06720 C07215 C07479 C01454 C07216 C00596 C03589 C06757 C07208 C06758 C07209 C06575 C06576 C06730 C06210 C00479 C06579 C06756 C06577 C06731 C06578
rn00623	Toluene degradation	C01455 C09818 C09817 C09816 C00261 C02923 C09819 C18311 C00180 C18310 C18312 C03351 C00587 C00156 C02236 C04558 C01467 C01468 C00230 C04559 C18300 C00091 C18302 C18301 C18304 C18303 C18306 C18305 C18308 C18307 C18309 C04592 C06730 C09820 C03067 C04112 C00512 C00556 C00633 C06678 C06679 C01542 C06677
rn00620	Pyruvate metabolism	C00024 C00068 C00122 C00022 C00186 C00042 C02504 C00084 C00083 C16255 C05993 C01251 C00227 C00546 C03451 C00149 C00424 C05994 C02488 C00332 C03248 C00033 C00074 C15972 C15973 C00937 C03981 C05125 C00036 C00058 C00256
rn00983	Drug metabolism - other enzymes	D04197 D01244 C16613 C16614 C16615 C16616 C16617 C16618 C16619 C07054 D00238 D08603 C12739 D08086 C16641 C12650 C05361 C07585 C04646 C11736 D04931 D01223 C16630 C16631 C16632 C16633 C16634 C16635 C11376 D01309 C11173 C02380 C04242 C06837 C07648 C07649 D00584 C16542 C16543 C16620 C16621 C16622 C16623 C12673 C16624 C16625 D00346 C07446 C07447
rn00500	Starch and sucrose metabolism	C00221 C01798 C00185 C00181 C00668 C00029 C00501 C01231 C00103 C20237 C00267 C00663 C02336 C06218 C06219 C00031 C00394 C00470 C00191 C00190 C16688 C00718 C01083 C00714 C06216 C02013 C06217 C06215 C00167 C00089 C00760 C01935 C00208 C01172 C00965 C00689 C03033 C00369 C00721 C05731 C02995 C00252 C00095 C00092 C00617 C02591 C02352 C00973 C05345 C00333 C00498
rn00984	Steroid degradation	C04844 C00187 C01227 C14909 C20143 C20252 C00280 C19944 C11354 C00535 C04793 C20144 C20199 C07635 C00599 C00674
rn00621	Dioxin degradation	C00024 C00022 C02526 C18111 C18110 C18113 C00180 C18112 C18115 C18114 C18117 C18116 C18119 C18118 C08062 C08061 C00108 C07731 C01273 C07734 C03453 C07732 C07733 C00596 C03589 C18100 C18102 C18101 C18104 C18103 C18106 C18105 C18108 C18107 C18109 C02370 C02501 C00084 C18099 C11057 C00805 C06586 C06587 C06584 C06585 C06588 C18180 C06589 C07557 C03569 C18120 C07729 C18122 C18121 C18123 C00090 C08060 C14573
rn00061	Fatty acid biosynthesis	C00024 C05758 C05759 C05756 C05757 C03939 C16219 C04180 C05750 C00229 C05751 C20794 C04620 C05754 C05755 C05752 C05753 C01203 C00154 C01209 C16520 C05761 C05762 C00712 C05760 C04633 C05763 C05764 C00083 C08362 C04088 C00249 C01571 C04246 C01530 C04688 C06423 C06424 C05747 C05748 C05745 C02679 C05746 C04619 C05749 C04618 C16220 C16221 C05223 C05744
rn00970	Aminoacyl-tRNA biosynthesis	C00101 C00188 C00065 C00064 C00062 C00183 C17022 C17027 C16138 C03294 C06481 C02282 C06482 C02163 C00148 C02047 C00025 C00079 C02412 C00078 C01005 C00152 C00073 C00037 C00234 C00123 C02984 C03512 C01931 C02987 C02702 C02988 C00041 C00082 C16638 C00407 C00886 C00049 C03511 C00047 C03127 C03402 C00097 C02839 C06113 C06112 C02430 C02992 C02553 C00135 C02554 C03125
rn00332	Carbapenem biosynthesis	C06669 C03912 C00083 C11755 C17366 C17367 C17368 C17369 C20815 C20814 C20813 C20819 C20818 C20817 C20816 C06664 C00148 C01134 C00025 C00010 C00097 C17373 C17374 C17377 C17399 C20823 C03287 C00831 C01165 C20822 C20821 C20820
rn00330	Arginine and proline metabolism	C00022 C03415 C00581 C01877 C02647 C00062 C15767 C03296 C03375 C03771 C00986 C01110 C00148 C01035 C00025 C00223 C00300 C01157 C02565 C00431 C00750 C00077 C00791 C00315 C00436 C01043 C01165 C01682 C00555 C00433 C00441 C01137 C05932 C02305 C05933 C18172 C00086 C05938 C03912 C05939 C18174 C02946 C05936 C15700 C04282 C04281 C00406 C03078 C05931 C00048 C00763 C00884 C00134 C05945 C00012 C05946 C02714 C05947 C18326 C10497 C18325 C15699 C00019 C03166 C03287 C03440 C03564 C05941 C00533 C04498 C05147 C05942 C00213 C00334 C00179 C04137
rn00331	Clavulanic acid biosynthesis	C06658 C06659 C06660 C00062 C00118 C06661 C06662 C06656 C06657 C06655
rn00053	Ascorbate and aldarate metabolism	C00167 C00684 C01114 C01115 C00022 C15923 C15924 C02280 C03291 C15925 C15926 C00800 C00029 C00545 C05412 C05411 C00026 C20896 C01620 C00231 C03921 C00096 C00072 C01825 C16186 C00191 C14899 C15930 C00818 C20889 C00618 C00879 C01040 C01041 C03064 C05385 C00679 C02670 C00259 C03289 C00137 C04575 C05422 C00433 C01101 C00333 C01146
rn00450	Selenocompound metabolism	C00041 C18870 C18872 C18871 C18893 C16638 C05172 C06481 C05690 C06482 C05695 C05335 C05699 C05697 C05336 C05698 C05703 C02535 C01528 C18902 C18904 C18905 C05684 C00017 C05688 C05689 C05686
rn00051	Fructose and mannose metabolism	C00464 C02962 C00186 C02888 C03979 C11516 C05392 C00507 C00424 C00665 C00267 C00861 C01355 C00794 C00111 C01720 C00275 C01721 C02977 C20781 C01768 C00392 C03827 C18028 C02492 C00636 C00118 C03267 C00159 C01487 C03117 C02985 C18096 C01019 C01934 C01094 C01096 C01131 C00325 C00644 C01099 C00247 C05378 C00096 C00095 C11544 C06192 C00976 C02991 C00577 C02431 C05345 C01222
rn00052	Galactose metabolism	C01235 C01697 C03733 C00089 C00243 C00880 C01216 C01613 C02669 C02262 C05396 C00668 C01097 C05399 C00029 C00446 C01132 C00984 C00103 C05796 C00124 C00267 C01113 C00794 C00111 C05404 C00031 C00052 C00492 C00095 C06311 C06377 C03383 C00118 C06376 C00116 C01286 C05401 C00137 C00159 C00577 C05400 C00795 C03785 C05402
rn00730	Thiamine metabolism	C00068 C01279 C04327 C00022 C05856 C00082 C11437 C03373 C15809 C00003 C03028 C00097 C15810 C15811 C15812 C15813 C15814 C01081 C04294 C20246 C02691 C20784 C00118 C00018 C02892 C04752 C00037 C00378 C04556 C20247
rn00290	Valine, leucine and isoleucine biosynthesis	C00024 C00123 C00233 C00188 C02226 C00022 C00671 C02612 C00141 C02504 C00183 C04181 C06010 C06032 C14463 C00407 C04272 C00109 C04411 C06007 C02631 C04236 C06006
