ModelId	ModelEntry
1319402	iJR904
1319403	iNJ661
1319404	Recon_1
1319405	iIT341
1319406	iAF1260
1319407	iND750
1319408	iSB619
1319409	iAF692
1492226	iAbaylyiv4
1492227	iAG612
1492228	iAO358
1492229	iGT196
1492230	iIN800
1492231	iJN746
1492232	iMEO21
1492233	iMM904
1492234	iMO1056
1492235	iPS189
1492236	iSO783
1492237	iYO844
1750499	iJO1366
1757868	ymn6_06
1762109	ymn6_06_cobra
1765794	iTO977
1765637	Ec_core
1768574	HMRdatabase_cobra
1782771	MODEL1109130000
1796770	iFF708
1800835	ymn1_0
1804165	iAZ900
1807175	MODELID_222668
1798967	iLL672_dup
1809627	iLL672
1814189	ymn_7_6_cobra
1820870	iAdipocytes1809
1856657	SARA_HMR2_0
1870854	SARA_RECON_2_v02
1843928	SARA_RECON_2_v04
1883366	SARA_RECON_1
2584564	iSB1139
2580697	iNL895
2617150	iBsu1103
2603089	iAK692_auto
2605494	Abymbel891
2615567	iBif452
2608696	GSMN-TB
2611459	iAI558
2610300	iAI549
2635022	iCA1273
2621523	iCac802
2639051	iCac802_V_cobragitsengerpapou
2658772	iCM925
2635661	iCAC490
2630072	iBT721_v2
2659149	iCce806
2653421	iCG238
2660613	iCG230
2655256	iCyn731
2633875	iCyj826
2651425	iCyc792
2627002	iCyp752
2647008	iCyh755
2632704	iCyt773
2649507	iCR744
2648640	iCS400
2651132	iCS291
2624543	iDsh827
2691631	iJC568
2617777	iFap484
2614455	iEM439
2693856	iJH728
2662415	iEB458
2657247	iIB700
2680058	iGB555_fixed
2687182	iJL432
2681827	iLca12A_640
2699302	iLca334_548
2684183	iJP962
2711753	iMA789
2691414	iKF1028
2682340	iJP815
2689375	iJS747
2688223	iJL480
2690781	iJW145
2695338	iMA945
2723341	iMLTC806cdf
2702499	iMF721
2704597	iMA789_cobrafixed
2710303	iMG746
2700887	iMB745
2720399	iMM518
2743309	iPB890
2725963	iMZ1055
2713544	iNJ661v
2729705	iNJ661m
2728267	iNF518
2732406	iMP429_fixed
2731545	iMP240
2749107	iRsp1140
2733633	iRsp1095
2746536	iRR1083
2734814	iRP911
2740103	iRBaquifex
2744326	iRS605_fixed
2737395	iRM588
2759747	iSH335
2760439	iSM197
2753945	iSyn731
2756500	iSyf715
2770406	iTT548
2755302	iSyn669
2764041	iTZ479
2760959	iSR432
2765404	iVM679
2772000	iTY425_fixed
2758993	iSS352
2762134	iWX1009
2784848	kb_fbamdl_1903
2778406	Nmb_iTM560
2768270	iVW583
2782493	PpuMBEL1071
2761589	iZM363
2766716	iVS941_fixed
2773410	iWZ663
2783667	iZmobMBEL601
2789426	sMtb
2798834	iJM658
2779810	VvuMBEL943
2797170	iMH551
2795821	iNV706
2801893	iYS432
2800965	iKK446
2721570	iOG654
2716649	iMK1208
2803842	iJB785